<?xml version="1.0" encoding="UTF-8" standalone="no"?>
<endpoints xmlns="http://xml.netbeans.org/schema/endPoints" xmlns:xsi="http://www.w3.org/2001/XMLSchema-instance" xsi:schemaLocation="http://xml.netbeans.org/schema/endPoints endPoints.xsd">
    <project>
        <name>SAFINAL</name>
        <version>1.0</version>
        <description>description</description>
    </project>
    <team>
        <name>unknown team</name>
        <contact>no contact provided</contact>
    </team>
    <endpoint>
        <type>provider</type>
        <endpoint-name>IngresoPortTypeRole_myRole</endpoint-name>
        <service-name>
            <namespace>http://enterprise.netbeans.org/bpel/SA_TAREA/SA_TAREA</namespace>
            <localname>PartnerLink1</localname>
        </service-name>
        <interface-name>
            <namespace>http://j2ee.netbeans.org/wsdl/SA_TAREA/src/Ingreso</namespace>
            <localname>IngresoPortType</localname>
        </interface-name>
        <description>description of the service provided or consumed through this endPoint</description>
    </endpoint>
    <endpoint>
        <type>consumer</type>
        <endpoint-name>PeticionesClienteRole_partnerRole</endpoint-name>
        <service-name>
            <namespace>http://enterprise.netbeans.org/bpel/SA_TAREA/SA_TAREA</namespace>
            <localname>PartnerLink2</localname>
        </service-name>
        <interface-name>
            <namespace>http://PeticionesCliente/</namespace>
            <localname>PeticionesCliente</localname>
        </interface-name>
        <description>description of the service provided or consumed through this endPoint</description>
    </endpoint>
    <endpoint>
        <type>consumer</type>
        <endpoint-name>RastreoPeticionRole_partnerRole</endpoint-name>
        <service-name>
            <namespace>http://enterprise.netbeans.org/bpel/SA_TAREA/SA_TAREA</namespace>
            <localname>PartnerLink4</localname>
        </service-name>
        <interface-name>
            <namespace>http://PeticionRastreo/</namespace>
            <localname>RastreoPeticion</localname>
        </interface-name>
        <description>description of the service provided or consumed through this endPoint</description>
    </endpoint>
    <endpoint>
        <type>consumer</type>
        <endpoint-name>PeticionesPilotosRole_partnerRole</endpoint-name>
        <service-name>
            <namespace>http://enterprise.netbeans.org/bpel/SA_TAREA/SA_TAREA</namespace>
            <localname>PartnerLink3</localname>
        </service-name>
        <interface-name>
            <namespace>http://PeticionesPiloto/</namespace>
            <localname>PeticionesPilotos</localname>
        </interface-name>
        <description>description of the service provided or consumed through this endPoint</description>
    </endpoint>
</endpoints>
